{"cameraMode":{"drawMode":0,"name":"Shaded","section":"Shading Mode"},"sceneLighting":true,"audioPlay":false,"sceneViewState":{"showFog":true,"showMaterialUpdate":false,"showSkybox":true,"showFlares":true,"showImageEffects":true,"showParticleSystems":true},"in2DMode":false,"pivot":{"x":-60.923458099365237,"y":5.458573341369629,"z":-19.867671966552736},"rotation":{"x":-0.16557671129703523,"y":0.29301851987838747,"z":-0.05159752070903778,"w":-0.9402578473091126},"size":35.57048034667969,"orthographic":false}